"PROVINCIA","Axis1","Axis2","Axis3","cluster","Indice","ElevacionPromedio","IDH_2019","FallMasc_2ola_mill_hab","FallFem_2ola_mill_hab","CasosMasc_2ola_mill_hab","CasosFem_2ola_mill_hab","Adult_15_64_mill_hab","Mayores_65_mill_hab","Pobreza_mill_hab","PobrezaExt_mill_hab","UCI_2ola_cant_hosp","UCIN_2ola_cant_hosp","VENT_2ola_cant_hosp"
"ABANCAY",-4.17600392586218,1.4825609240114,0.736595633946385,6,-2.76589414812284,3100,0.52,2294.19328578433,1581.88327366581,6429.29166782301,9805.82614085237,691505.009297033,85662.2170417858,265579.330058557,84670.1634612716,11,74.6666666666667,13
"ACOBAMBA",2.55539258372517,0.687483394718419,-0.339298464221597,2,2.0899111266369,3300,0.31,729.466747443775,284.368393071302,1088.01819957716,1224.0204745243,303371.620034372,44262.5585737071,247370.705109976,94642.3758361049,0,6,0
"ACOMAYO",2.29403460197467,-0.439449741253124,0.817142669917668,2,1.61285251748039,3800,0.3,706.738754019577,424.043252411746,1908.19463585286,1696.17300964698,512915.650729708,96929.2201137849,386451.818085445,134761.652355207,0,2,0
"AIJA",1.37731960060258,-1.01561015814258,0.631659853459516,3,0.781003442747573,2800,0.37,1386.26339004411,504.095778197858,2142.40705734089,3780.71833648393,491115.311909263,116824.196597354,323040.957781979,130509.13673598,0,0,0
"ALTO AMAZONAS",0.665959441970666,1.83276890239492,-0.708936728996881,1,0.956727414514051,1200,0.44,737.965941267537,481.282135609263,3128.33388146021,3425.12453175259,616666.800356149,54577.3941780904,441580.209678584,253656.059743156,4.5,15.5,3.5
"AMBO",1.69430863135693,-0.491921285089033,1.20868481045078,2,1.1495019067975,3300,0.38,1377.17627856366,731.093579978237,1156.14798694233,1139.14581066376,552961.779107726,96079.2981501632,357757.242927095,239162.642818281,0,0,0
"ANDAHUAYLAS",-0.227558288145388,0.422906361324588,0.0097646081628418,3,-0.0654630243062012,3000,0.42,1274.65254024218,976.454010185526,4250.79081080765,5747.63049109205,537657.796722155,75841.8261444099,360261.01141925,132971.460646565,3.25,27.75,4.75
"ANGARAES",1.76404349640407,0.559463328761231,0.206456162287634,2,1.46386309421216,3600,0.33,845.321529570884,461.084470675028,2566.70355342432,2720.39837698266,474210.00860691,66795.7703184557,422513.678839297,147335.700233616,0,23,3
"ANTA",0.0861067390959956,-1.52222355196506,1.19237524098411,3,-0.314687866856118,3714.285714,0.39,1720.33294524476,1164.26573062019,3058.36968043512,3631.81399551671,670877.717344084,105131.457764957,340408.535631744,67750.5343458391,0,0,0
"ANTABAMBA",0.963797832856582,-1.98374799566624,0.297147508169613,3,0.229271799594333,4000,0.32,2201.35016143235,807.161725858527,7044.32051658351,4842.97035515116,514455.532726739,113296.154975051,312918.990314059,267847.079542119,0,0,0
"ANTONIO RAYMONDI",2.47645193742888,-0.33544827199729,1.09339370039789,2,1.77572868258667,3300,0.32,717.617509867241,777.418969022844,1255.83064226767,538.213132400431,463820.11721086,100825.260136347,400240.999880397,207455.447912929,0,0,0
"AREQUIPA",-4.41790245071308,0.0826206354073823,1.48568600863934,6,-3.2963757426076,3010.714286,0.67,2523.77317403679,1631.23127387919,5605.75487347602,4838.46470958363,766670.808850071,96056.2469056904,77898.956367029,10833.0917059681,6.54545454545455,67.0454545454545,7.18181818181818
"ASCOPE",-0.789016556370895,-0.452114118132615,1.05400138316953,3,-0.70506074161786,1300,0.58,1715.401459277,1130.425846436,956.514177753535,1201.57152907882,601742.278717164,102347.017019628,229693.678310843,19376.5266677734,0.25,17.25,0.25
"ASUNCION",0.897334904927183,-1.9212788266379,0.942046582095876,3,0.194938645805211,4218.75,0.39,1003.45634964879,1003.45634964879,3902.33024863418,4794.291448322,503512.097223771,127438.956405396,314144.274724049,73448.544988293,0,0,0
"ATALAYA",0.347906198243611,3.89543320653529,-0.282486005272839,1,1.23194705558189,1100,0.33,781.888616412553,390.944308206276,1279.45409958418,1137.29253296371,546007.036997548,27863.667057611,404005.046735615,77308.5261399581,14,26,4
"AYABACA",3.185097460757,0.572398752124385,-0.0478936808548047,2,2.53401505858004,2000,0.25,847.305842965984,440.87458495791,1770.38700522161,1949.49230536076,482702.561205792,79433.2006117135,587302.536406597,312919.347505614,0,2,0
"AYMARAES",1.41878272732961,-1.38643672171941,0.61722569813141,3,0.719724312562663,3500,0.36,1429.63514519732,655.249441548771,4586.7460908414,2531.64556962025,447565.152643336,117110.94564408,310590.915860015,136032.762472077,0,0,0
"AZANGARO",2.49293087880655,-0.250741861676097,1.15371008096277,2,1.80920985396791,4500,0.32,752.456030548308,407.873362353289,1434.58906758743,984.521909128628,501473.266714017,88986.7159865261,396521.402803075,179600.706042855,0,11,0
"BAGUA",-0.282308676740506,1.38049876944953,-0.665821944329392,1,0.132061592148917,1900,0.46,1157.66049676498,720.322086875989,5569.63327888041,5402.41565156992,639813.230773189,61613.264216714,440002.82983677,291307.899103456,3,41.5,6
"BARRANCA",-3.43326480125444,-1.07333291737434,-0.0875801384600479,5,-2.84517168709096,1400,0.63,2676.10164039884,1582.50241235124,4528.78739144419,9482.14860083628,642444.515921518,97883.5638468961,128686.522997748,8355.61273721454,2.66666666666667,42.3333333333333,2
"BELLAVISTA",0.235312651470799,0.962303012357108,-0.443764963164976,1,0.416478060617066,1300,0.42,999.355254674404,870.406189555126,2369.43907156673,2337.20180528691,566827.852998066,50064.4745325596,327254.190844616,69444.3907156673,0,46,0
"BOLIVAR",3.31641211304873,0.788578560602668,0.11314908263183,2,2.68647803906151,2700,0.29,799.45180447693,285.518501598904,1598.90360895386,1770.2147099132,497316.12608497,71265.4179990863,538492.462311558,422327.546825034,0,13,0
"BOLOGNESI",0.21439956367713,-1.328774839931,-0.520802728276728,3,-0.170158247891206,3211.538462,0.45,1074.30617726052,865.413309459863,4685.16860638615,6535.36257833483,460190.987764846,90898.2393315428,207831.393613847,36739.7791703969,0,0,0
"BONGARA",1.22107831543958,0.147582239251391,-0.629104756440502,2,0.953563962673687,2100,0.41,846.344666569386,408.580183861083,3005.98278126368,2597.4025974026,499314.16897709,65752.2253027871,285219.320005837,92156.4278418211,0,0,0
"CAJABAMBA",2.54117232037097,0.309752388506802,0.239535636470331,2,1.98510428056854,2700,0.35,1037.42126713598,617.51265900951,2445.35012967766,3643.32468815611,571705.569964184,83240.7064344819,582829.566506113,474936.396196122,0,21,0
"CAJAMARCA",-1.518044965287,2.43144090776989,0.712320591441691,1,-0.533836284394118,2500,0.54,1453.00585798847,832.477872942426,3324.80426555533,3618.46977288165,609629.164304574,66539.4967339288,346342.434410447,162141.996210438,9.66666666666667,36.4444444444444,10.3333333333333
"CAJATAMBO",1.39631845970794,-1.53034539746616,0.616067476513146,3,0.666996196793564,3312,0.38,1324.18442277597,361.141206211629,3129.89045383412,5055.9768869628,480678.945467678,132899.963885879,297054.291561334,154129.04779102,0,0,0
"CALCA",1.50048727540464,-0.00272426535212605,0.413306926212365,2,1.1258881768931,3200,0.39,685.545536043875,421.874176027,1331.54036808522,1700.68027210884,581461.266677213,74988.1347887992,343746.90186152,74114.0642303433,0,0,0
"CALLAO",-5.34339545692799,3.03601703248451,1.27466967461172,6,-3.25525265101923,300,0.64,2879.71230971657,1678.19332000393,2844.12562101113,6147.13222796084,658949.349840562,81432.6451679364,181411.20887045,5369.72228335433,12.0769230769231,104.846153846154,14.0769230769231
"CAMANA",-4.72008185591255,-0.938676690652954,-1.04420303920305,5,-3.77775875127486,1300,0.62,3201.46720507087,2075.32296208111,9781.36713911099,10328.351485706,663234.608021365,75950.3853022089,139487.765247189,13789.7971331585,8,57,0
"CANAS",2.40052061080786,-0.536718458528142,1.21962997348971,2,1.66856301358756,4300,0.26,1070.7171314741,622.509960159363,1494.02390438247,1518.92430278884,535059.760956175,92380.4780876494,512696.962151394,102860.806772908,0,0,0
"CANCHIS",-1.01910787830064,-1.07889499275233,1.08512474284884,3,-1.03400677880066,4523.076923,0.47,1933.99523203156,1273.37309831781,4681.80033892788,4691.37457274982,643809.779122426,87460.6259634073,309939.203615231,49172.5947131081,0,45,2
"CANDARAVE",1.72476643252651,-0.918831706833014,0.636795567262831,2,1.06598391723773,3714.285714,0.37,354.107648725212,472.143531633617,3305.00472143532,1888.57412653447,501416.430594901,111779.981114259,232744.33427762,122492.917847025,0,0,0
"CANGALLO",2.32585787825691,-0.531595898774953,0.942145780045409,2,1.61378271126102,3800,0.33,1077.80015316107,368.721105028789,2807.95303060385,3743.93737413847,547692.656777378,114587.174178177,500828.204328219,335519.754942281,0,29,0
"CANIETE",-3.47478466776777,0.790071115520602,1.73957605980772,6,-2.41198606066203,1900,0.68,2707.55573489357,1646.32301018864,1965.09633814183,2146.67608191264,655821.648340563,80835.2668213457,149978.371834964,8901.16009280742,4.75,72,5.5
"CANTA",-0.3499597496883,-1.46770026290956,-0.0241132272692574,3,-0.628499780329445,2900,0.57,1370.11895123622,685.059475618111,3861.24431712026,5293.64140250358,491685.869091362,105250.046708601,128965.560191817,30795.2917730585,0,0,0
"CARABAYA",0.898929800417589,2.27497577497704,-0.036743673897914,1,1.24183934282364,3010.714286,0.34,595.106009562042,302.596276048496,2128.26047487442,2299.73169796857,506465.473764903,43452.825240564,334699.320167033,103938.794859898,6,23,6
"CARAVELI",-2.77323618396132,-2.11632113225264,-1.70954929738755,5,-2.60953348510841,2400,0.62,2146.35909717358,1445.96823388536,9466.57328121823,9556.94629583606,651747.588170172,70129.45934344,104238.720318113,17632.9048146224,0,0,0
"CARHUAZ",0.8254255225069,-1.01538107816749,1.41750749789998,3,0.366698008480782,4117.647059,0.41,1415.81128068459,687.084886214579,1853.04711736659,2769.16029898603,628870.057673489,105457.119656874,338595.223719003,120880.926107144,0,13,0
"CARLOS FERMIN FITZCARRALD",2.68020089558353,-0.517047348960708,1.14251436624966,2,1.88344922248174,3300,0.31,538.889886833124,359.259924555416,1077.77977366625,987.964792527394,463669.840129334,119588.647386384,383217.621699299,159357.373809952,0,0,0
"CASMA",-2.07118293510193,-1.23883902120842,1.14117572460645,5,-1.86376350587169,2300,0.56,2683.67705043248,1630.8498998782,2415.30934538924,4190.66493259842,696104.539542949,91575.3184286039,205764.331867633,32725.3772630623,0,30,0
"CASTILLA",-1.48853340683255,-1.82565983062056,-0.738401087921469,5,-1.57254503860317,3010.714286,0.57,1782.48766909215,1147.62904722371,8179.90916638179,6934.60956194755,562264.980221712,92567.2705962788,160909.068711237,63580.358450945,0,19,0
"CASTROVIRREYNA",2.03365695600156,-0.440137584675171,0.640512234275359,2,1.41718935998127,2900,0.4,1116.18467782851,304.41400304414,1319.12734652461,1978.69101978691,428868.594622019,104464.738711314,350973.61745307,147504.819888382,0,0,0
"CAYLLOMA",-1.88585306751476,-0.743341445867492,-0.307939770143798,5,-1.60114009671588,2910.344828,0.59,2154.6491866958,1052.0352836449,6514.5261794934,5502.95379137331,625020.231447762,71862.1024520515,182825.625151736,65199.4820749373,2,22,2
"CELENDIN",3.02143326193854,0.656333720681986,0.645296054230903,2,2.43205237174212,2400,0.32,922.528349607148,611.563737380019,912.16286253291,1326.78234550242,517693.886435724,83929.348840102,591425.980056803,418040.819288098,0,18,0
"CHACHAPOYAS",-2.87492609797165,-0.490513471032003,-0.276635243194522,5,-2.28073240246459,2600,0.54,1918.93830703013,1416.7862266858,7388.80918220947,9827.83357245337,705864.418938307,96395.2654232425,229499.641319943,121917.682926829,5.5,21.5,6.75
"CHANCHAMAYO",-2.10814649814741,1.46443606086685,-0.91234896000405,1,-1.21786181786145,2600,0.48,1814.78694115518,852.616436920673,6244.58183688828,7987.92047327357,510417.16283545,47646.4928408799,220260.691048004,35576.1114974612,7.66666666666667,47.3333333333333,7.66666666666667
"CHEPEN",-1.2591819199844,-0.321949084766462,0.727792892913204,3,-1.02562425650923,800,0.56,2231.41038262125,1542.2983526941,1279.77948415042,2406.42296165037,579171.315438297,86664.0414779812,270450.110476691,35521.4281026449,0,31,0
"CHICLAYO",-3.26509260124498,1.02309447257848,0.747428191942448,6,-2.19647985543382,1300,0.58,2478.88482963177,1358.69565217391,3556.12023439196,4458.14946104319,615750.244158287,84365.7310279968,123452.409480576,7155.21684873038,7.33333333333333,41.1333333333333,7.86666666666667
"CHINCHA",-3.91950765226106,-1.12839488332784,1.75979517851344,6,-3.22396461075402,2500,0.59,3810.78691423519,2263.48364279399,2082.22811671088,4933.68700265252,671909.814323607,82820.5128205128,34759.1069849691,203.846153846154,2.14285714285714,35.2857142857143,3.57142857142857
"CHINCHEROS",1.73512456463027,-0.285128347681071,0.390251538660864,2,1.23167917507708,3000,0.34,1356.07975757982,669.669016088798,2511.25881033299,2661.93433895297,458338.216336576,86504.4951532705,391351.392074467,185003.264636453,0,14,0
"CHOTA",1.40502671879646,1.20785907814523,0.12685509209386,2,1.35589270243146,2200,0.36,818.60151561663,421.339015390912,4153.19886599614,4129.12235083094,559189.102969236,98310.4305482824,595049.928673324,300731.745487158,5,23,5
"CHUCUITO",2.40091313854583,0.0950314919616665,0.67024167408711,2,1.82628929974142,4425,0.35,505.904352058198,256.154102307949,832.500832500833,890.135505520121,393145.316222239,71441.3791336868,256378.813494198,88888.5473500858,0,12,0
"CHUMBIVILCAS",1.34882106980177,-0.201940151008085,-0.052020371418904,2,0.962372629531293,4000,0.34,996.973473384369,451.011809388167,4925.52370779182,4593.1992166637,507554.447807252,80339.4457302237,466639.724645422,117385.318378731,0,40,1
"CHUPACA",-1.81924014727813,-2.90281253043947,-0.72831101400183,5,-2.08926550758097,4000,0.51,2325.53881086228,1190.23639926022,9357.08923110729,10767.0615810002,647873.139111168,106407.134093864,247320.320082035,49803.1532108916,0,7,0
"CHURCAMPA",2.46338806468358,0.0996629357495688,-0.173917843610456,2,1.8743496769248,3100,0.32,567.029420103374,348.941181602076,2747.91180511635,2028.22061806207,443591.477111639,73910.1040280898,355784.572438008,191814.276056092,0,0,0
"CONCEPCION",-0.0703931985599054,-1.83627710225419,0.140024316183296,3,-0.510450037178173,3700,0.45,1513.90035783099,860.170657858519,5057.80346820809,7001.78915496835,620062.620423892,108605.147261217,313101.775392238,95937.0699146711,0,0,0
"CONDESUYOS",-1.4349278334359,-2.32201206444522,-2.00041575587087,5,-1.65598850535743,3010.714286,0.58,1672.91899016526,811.112237655886,13028.4903173477,7756.26077258441,582226.503092365,92314.7115482105,173806.1441752,113487.78262192,0,0,0
"CONDORCANQUI",4.00117081519307,2.21352478725061,-2.22633045601813,2,3.55569087283721,1400,0.25,288.075475774653,180.047172359158,3979.04250913739,4519.18402621487,456851.695144128,17410.5615671306,772676.941358636,518556.201724852,1,13,0
"CONTRALMIRANTE VILLAR",-1.7621551938059,-0.433584152850497,0.242785551133522,5,-1.43107636640421,800,0.54,2496.87890137328,1152.40564678767,2304.81129357534,2400.84509747431,673581.100547393,73657.9275905119,115473.446653222,2187.1698837991,0,16,0
"CONTUMAZA",0.995349402683727,-1.0180789865087,-0.112541593232172,3,0.493604678764615,2100,0.42,1398.68834115563,714.88515214621,4133.9010971933,5563.67140148572,556211.730332888,111895.06729245,421404.593914152,237741.273738849,0,0,0
"CORONEL PORTILLO",-3.74359613836441,2.56311945589517,0.418245443026068,6,-2.17196772005878,1100,0.52,2211.63919409285,1267.77029318137,3714.74409259531,4942.02671174294,645965.656330501,58416.1221918002,113053.327327662,6059.96730620322,10,65.8,11.2
"CORONGO",1.12510729404189,-1.42185403441818,0.871928365238708,3,0.490406593763488,2900,0.39,1322.59228087051,480.942647589275,3727.30551881688,2885.65588553565,559576.770470121,135265.119634484,391625.586148852,75958.8794036311,0,0,0
"COTABAMBAS",1.28422932067159,-0.693765573671628,-1.0145155603774,3,0.791314594971456,3500,0.37,1154.73441108545,521.492959845042,8045.89138046636,5680.54831259778,610202.637264397,74275.4972807867,442131.04373091,346855.211204649,0,12,0
"CUSCO",-3.16413077821446,-0.165899892522903,0.559977890129921,6,-2.41697406975539,3800,0.67,2033.34600553956,1127.46429153316,4368.6525824146,6623.58116548091,719632.868082333,68896.9749633411,88490.0016292837,3102.67745614511,4.1875,39,4.9375
"CUTERVO",2.17800684551909,0.621272974713404,-0.491322142876737,2,1.79007002570688,2200,0.35,669.730979640178,408.888387569793,4088.88387569793,4413.17466583949,539154.588009701,81255.9923298178,569780.892222661,370073.881901754,0,46,0
"DANIEL ALCIDES CARRION",1.73015011093188,-0.332679737499353,0.292993090682048,2,1.2160945833805,3900,0.37,688.855050395185,489.449641070263,2682.90914364441,2972.95337538975,584711.043434124,76662.3160031905,358721.811326227,188911.609020376,0,0,0
"DATEM DEL MARAÑON",2.73528965295481,1.76725902282159,-1.84143789321362,2,2.49405720392976,1100,0.32,391.448358928034,210.779885576634,2062.63173742849,2875.63986750979,441644.083107498,19677.80788919,536680.216802168,184274.314965372,0,0,0
"DOS DE MAYO",2.10594193201008,0.212487564267315,-0.17210067062175,2,1.63409463706974,3100,0.39,1022.12163247426,383.295612177849,1660.94765277068,2062.495436957,371230.926480251,60597.2110681171,301078.885887421,156722.822515879,0,0,0
"EL COLLAO",1.88118480879792,-0.705283672155313,1.42271702924407,2,1.2366389581149,4620,0.38,1119.44095797008,316.609563870326,1469.97297511223,1096.8259891222,507378.133586621,101462.057736015,331936.067483067,113138.844601242,0,10,0
"EL DORADO",1.20854064996618,0.306419245115902,-2.21567167051954,4,0.98373272650203,1200,0.33,282.612279503544,400.367395963355,5416.73535715127,6853.34777796095,566637.620404607,55250.7006429429,362760.886460517,151111.843809614,0,0,0
"ESPINAR",0.654543106589959,-0.180332010519074,0.25111455378653,3,0.446492903568423,4500,0.46,735.533332390342,424.34615330212,3861.54999504929,3140.16153443569,556770.442875935,70059.5499101801,294792.84835283,49505.9196288386,0,17,2.5
"FERREÑAFE",0.451037976771659,0.226965806132865,0.846288314701115,3,0.395199373323631,2000,0.42,1773.01740284774,927.424487643433,1291.12036515066,1300.21276208834,555363.604953538,80422.2509137859,303861.450055464,176335.945882053,0,41.5,0
"GENERAL SANCHEZ CERRO",0.657610076367607,-1.05706280894081,-0.796650238108895,3,0.230314982055496,3000,0.53,813.752415827485,372.969857254264,5628.45420947343,3967.04302715899,339097.412945445,93717.1532227986,112016.410673719,38090.0552673516,0,0,0
"GRAN CHIMU",2.17208528063048,0.238074745721277,-0.135659641002866,2,1.69013142167854,2300,0.37,639.386189258312,243.575691146024,2587.9917184265,2374.86298867373,517172.086225795,86012.6659359396,423107.721349409,225640.604067714,0,9,0
"GRAU",2.16221017648501,-0.846617468324037,0.919395192253117,2,1.41241276423613,3700,0.3,1287.52207180695,698.940553266627,3016.48028251913,1765.74455562095,478921.424367275,104546.792230724,423232.416127134,198594.761624485,0,0,0
"HUACAYBAMBA",2.60688004944642,0.233349373804581,-1.05673843116053,2,2.01539812738953,2600,0.32,639.059304703477,298.227675528289,3749.14792092706,4601.22699386503,420160.190865712,65397.0688479891,440201.51670075,272941.376959782,0,0,0
"HUALGAYOC",1.85337589673271,-0.159987081061803,-0.681698447260194,2,1.35164747328098,3000,0.37,716.762557873733,445.555103543132,4445.86505491951,5666.29859940722,523139.807442707,78853.5673466225,502240.754731601,245144.708548846,0,15,0
"HUALLAGA",-0.640393245299542,-1.24097847343887,-2.64345136036658,4,-0.790058597740275,1700,0.41,975.646365717288,600.397763518331,8555.66813013622,12045.4801305865,661563.285676761,76850.9137303464,270366.993132951,119067.507223536,0,0,0
"HUAMALIES",2.0809077510412,0.142877721955851,-0.363676535587145,2,1.59795223739594,2800,0.38,695.965974996778,373.759505090862,2332.77484211883,2590.54001804356,411805.645057353,69145.5084418095,324522.361129011,156389.354298234,0,0,0
"HUAMANGA",-1.90607497485929,2.22312124681066,1.01925480263257,1,-0.877082620638732,3400,0.49,1365.50627441491,753.621184360632,3301.41390396515,4860.51094133508,664980.8137726,69409.2024751962,262020.085041657,125448.473744253,8.5,73.25,9.75
"HUANCA SANCOS",2.15296508719139,-0.873604663880606,0.229396267794834,2,1.39874635643105,3800,0.38,741.564701520208,463.47793845013,3985.91027067112,3893.21468298109,477753.058954394,104560.622914349,406488.691138302,252429.551353356,0,0,0
"HUANCABAMBA",3.33907043238709,0.977996103084935,0.454516536620402,2,2.7506926217497,2000,0.26,597.028634411812,283.205890682526,497.523862009843,375.056449822805,511355.025373717,84739.7950201688,514018.461962387,353684.738264177,1.5,2,0
"HUANCANE",2.36785617096946,-1.30811072293604,2.15472067484862,2,1.45180819815917,4500,0.32,935.106572463338,371.074036691801,1721.78353024996,1751.4694531853,548120.881078193,150403.728551921,456551.98005106,190531.378020543,0,18,0
"HUANCAVELICA",-0.0627589321419036,1.38562474486393,0.824865592210043,1,0.298177107127774,3800,0.43,1207.4999846764,833.604050334974,2776.63702060105,2574.36544956389,451635.641476705,65511.4712498544,287794.504342709,89897.1479708484,6,30.3333333333333,7
"HUANCAYO",-4.05969857979718,-0.859280551460995,-0.0128041744173941,5,-3.26215699914163,3200,0.58,2841.40845777775,1491.20824568622,7600.91249582288,10774.5590601525,716061.973996573,89822.1173998119,151766.888609448,20834.091492966,6,42.3529411764706,5.82352941176471
"HUANTA",1.6086013385433,0.654482757408256,-0.0106436050904966,2,1.37083576086129,2700,0.39,1006.25821998217,600.224201392873,1827.15308365183,2692.18207977686,525337.405442621,57983.4232198498,404758.012551747,248883.406448879,0,29.5,0
"HUANUCO",-2.21924486137236,1.35683270338077,0.561184261152628,1,-1.32808922848687,2600,0.53,1913.42907785871,1136.78356016811,4027.28280544403,5402.07063716249,624407.338047488,69813.5424430512,216700.039458603,139261.309900351,7.375,53.375,7.375
"HUARAL",-3.22324792760684,-0.817312885681207,0.0728889258196507,5,-2.62369086371619,2600,0.63,2315.93501555479,1515.9745197768,3915.85600711076,9999.50619722483,647508.764999259,86030.3194903955,126464.915312824,10994.8644511382,3.5,21.5,4.75
"HUARAZ",-3.27673951037019,0.588851990803901,0.85506226810932,6,-2.31343723900478,3111.111111,0.56,2258.47811511181,1117.47615070636,4340.5126274805,7816.45160151977,674455.671485537,89574.5356592521,155716.713914342,33503.7582487384,7,68.5,7.5
"HUARI",1.23863505783749,-0.811058914701525,1.04884300002351,3,0.727852979919759,3915.789474,0.42,979.767033172112,559.86687609835,2083.94892769941,2426.08979642618,589913.065115628,102300.119749304,373627.004245657,96168.1777888369,0,5.5,0
"HUARMEY",-3.11221099901187,-2.34980511634091,-0.7565971856015,5,-2.92222007051976,2400,0.57,3156.78709224833,1562.4501769714,6855.64873569083,11893.7533879659,644749.848537993,91897.5797965626,159513.727240841,31106.4698192022,0,18,1
"HUAROCHIRI",-0.786387774978721,-1.17223428597054,0.380320278486276,3,-0.882540413022327,3010.714286,0.55,2223.98912204284,1394.31442366417,2293.12868024107,5438.97857826022,467901.960106475,77563.0610387066,211654.62486028,42828.9602562773,0,11,0
"HUAURA",-3.93021399821078,0.0567075632489084,1.51334521058196,6,-2.93667637408693,2600,0.65,2868.99679600058,1567.64046488056,2499.63493304243,7417.30159684582,682988.738758085,99212.3143527148,143782.952661553,13392.6746093784,6,69,6
"HUAYLAS",0.338536803409324,-0.880066745467425,0.364010684771411,3,0.0348617859714032,3412.5,0.41,1302.98818624044,1129.25642807505,3596.24739402363,6514.94093120222,581306.462821404,94788.0472550382,390682.592077832,187848.332175122,0,35,0
"HUAYTARA",1.72274105803646,-0.973921306858502,0.853117309610364,2,1.05073498072076,3000,0.4,971.694127587664,718.208702999578,2534.85424588086,2196.87367976341,453316.434305027,120025.348542459,297002.534854246,217763.836079425,0,0,0
"ICA",-5.17969229745618,-0.59417996103658,0.843564370541577,6,-4.03698633700861,1800,0.64,3292.65930660469,2300.35102242245,4738.67004157613,8909.54871198915,712625.928962401,91027.0390741286,35665.0455427051,301.115152865887,5.63636363636364,56.4545454545455,5.90909090909091
"ILO",-6.28389174440726,-2.92771989710665,-3.79558852106316,5,-5.44753643821017,900,0.69,3504.3396764598,1833.66610977548,17250.0441438138,18988.6312701194,707278.975320213,85408.0925797645,69834.290914524,3658.09597544246,2.33333333333333,41,2.66666666666667
"ISLAY",-4.07941242529788,-0.918560056655831,1.37994418957398,6,-3.29173057499404,1500,0.63,3332.2467311384,2064.54417037922,5577.89126734036,3911.76790177116,670161.903727046,112318.446883263,110500.199210402,11535.9122025426,4,53,4
"JAEN",0.0248338339614152,0.402338877200249,-0.353657823020629,3,0.1189077849967,2100,0.49,1369.8357193381,752.164340436554,4577.74191298804,4268.90622353726,624615.200693386,69771.9597118862,451906.861133527,184553.682616536,1.2,27.8,2.2
"JAUJA",-4.12208983936664,-2.06184767521944,-0.817602096888252,5,-3.60867916064308,3300,0.5,3027.38566109519,1774.6743530558,12260.3319684966,15136.928305476,634219.897231276,122765.70818786,263832.368668298,64233.700254022,7,39,6
"JORGE BASADRE",-3.02426002221689,-1.3640412799836,-1.71298534196624,5,-2.61053485625691,2100,0.68,1479.44626439818,528.373665856494,9827.75018493078,7714.25552150481,900348.726619465,73866.6384867378,93573.9194758533,6183.02863785269,0,9,1
"JULCAN",4.05949422296011,0.525749475866078,0.325498976980357,2,3.17888789395008,2800,0.22,489.191916103586,366.89393707769,1100.68181123307,2812.85351759562,535298.254196349,87718.2254563243,592425.474669031,555371.632983765,0,0,0
"JUNIN",-1.48642889043562,-1.9143016040368,-0.481826187075843,5,-1.59305442413263,2900,0.43,2517.64257104711,1487.69788289147,7591.07381270265,10108.7163837498,570398.626740416,102117.108525653,326756.437154301,110264.35246996,1,27,1
"LA CONVENCION",-0.529328549492792,-0.696369196375848,-1.35546121148313,4,-0.570954943410494,3010.714286,0.45,1196.276318079,706.890551592135,7237.47172437794,7460.41412911084,601694.36227597,63457.0210544632,297158.082477814,39042.6526883591,0,22.75,0.75
"LA MAR",2.02817568462697,0.944352457155876,-0.458112720055967,2,1.75808781412529,2600,0.33,468.521867985792,555.688727145939,2571.42234522435,3018.1524984201,518087.123275731,54250.4739697967,438981.455250714,244640.763581686,1,15,1
"LA UNION",1.20141049397001,-1.55657126528541,-0.166204544024238,3,0.514123673242011,3312,0.36,1029.33607822954,965.002573340196,6304.68347915594,5790.01544004117,506690.684508492,113612.969634586,373010.164693773,240714.745239321,0,0,0
"LAMAS",0.918533636513009,0.285439497949372,-1.24584247378946,4,0.760767089923374,1100,0.36,615.467251547061,593.086624218077,3670.42288195338,5270.63773597574,581784.40741694,68059.4877074404,311457.20264539,175510.446157806,0,10,0
"LAMBAYEQUE",-0.10132135607453,-0.44857976942185,-0.0896708800637098,3,-0.187857871437475,2000,0.48,1323.24400619474,803.74821117014,2884.99866041965,3273.80368940033,627720.818385577,77551.9005704652,280906.797880196,27305.71183993,0,0,0
"LAMPA",1.85572007469085,-0.455125609939477,1.09807541158624,2,1.2798592016257,4600,0.43,989.74770770696,466.862126276868,1363.23740872845,1624.6801994435,520028.385217278,84147.2296401427,425820.83699042,116387.047377169,0,4,0
"LAURICOCHA",2.45147865444408,0.310531859421355,0.105467922099677,2,1.9179564470687,4523.076923,0.42,729.963753523963,151.026983487716,1082.36004832863,729.963753523963,307566.451872735,46868.7072090213,214316.351188079,105309.857027789,0,0,0
"LEONCIO PRADO",-1.59112547425733,3.40359504170311,0.95030543076829,1,-0.346445166884257,2000,0.5,1232.83714573544,584.717046263095,1106.03103931694,1535.76284440186,609127.221748656,53300.8333979105,180507.435769185,103620.73702527,10.6666666666667,48.3333333333333,10.6666666666667
"LIMA",-4.69210646179697,0.914627940367518,0.891260638347765,6,-3.29491278964946,1400,0.73,2925.45633512376,1676.84140824219,3534.53420772337,6767.43790795341,671143.954851878,83356.204159857,141995.670565759,4485.96241971547,8.03191489361702,53.8563829787234,8.94148936170213
"LORETO",2.10003636964148,1.27737222903651,-2.3937620021,4,1.89502913207513,200,0.36,379.090453690039,67.6947238732213,3520.12564140751,5388.50002030842,483949.580969659,43419.3958922842,515519.692395175,176157.105915165,0,0,0
"LUCANAS",0.604213011915139,-0.0156619625094234,0.438723029809287,3,0.449740670322813,2700,0.43,1070.95046854083,620.023955471007,2987.38814908758,4001.97280349468,457281.758613401,105460.438244205,286690.622137673,134608.046219968,2,15,4
"LUYA",2.15471313409831,-0.116152138608615,-0.142640399949084,2,1.58881534730449,2200,0.34,706.781279847182,477.554918815664,3323.78223495702,2865.32951289398,537650.429799427,93677.1728748806,469666.857688634,243842.788920726,0,0,0
"MANU",-0.512660163760148,0.324370779762118,-2.28965102514957,4,-0.304072730542429,2100,0.59,721.007893139041,227.686703096539,5426.53309046752,4971.15968427444,534190.95324833,20036.4298724954,45607.1645415908,824.225865209472,0,0,0
"MARAÑON",2.60677413226041,0.831812658332591,-0.191458599098194,2,2.16445517049183,2600,0.33,454.380225372592,333.212165273234,969.344480794863,1454.01672119229,506058.403004968,55010.2992851084,358906.155337453,270846.661819944,0,0,0
"MARISCAL CACERES",-0.511239059298856,1.05477268132462,0.798224393076835,1,-0.120990201842164,2400,0.45,1182.98751290959,619.660125809783,1858.98037742935,1802.64763871937,783794.948831096,70678.8095014553,340959.346540231,69453.9479861046,4.66666666666667,22,2.66666666666667
"MARISCAL LUZURIAGA",2.64440732111306,-0.294868061029878,0.800740431891258,2,1.91194227639047,3500,0.28,990.998430919151,371.624411594682,1569.08084895532,1899.41365926171,509042.860682137,96870.096622347,510440.581385746,164543.727805764,0,0,0
"MARISCAL NIETO",-6.55872346466469,3.83275258564482,1.36436156279862,6,-3.96917604894267,3000,0.69,1768.3465959328,907.751252578839,9171.82434423814,7226.64308871205,717701.149425287,89537.2826407309,91222.3990568818,18448.5705865016,10.25,312.5,12
"MARISCAL RAMON CASTILLA",1.97103749730867,1.59855032607394,-2.23507200788197,4,1.87821399591285,100,0.35,568.745453343033,277.759407446597,3121.48667416176,4020.89808875074,400581.972091793,32881.4231862972,473852.787514053,132123.80133589,0,15,0
"MAYNAS",-1.47674952967078,1.9626560733921,-0.640193871125684,1,-0.619652438948422,300,0.56,1073.69124207191,746.68755759724,2654.50049750026,4576.3028998407,559193.787279732,62466.4471486852,228800.613437928,50038.5409690151,5.125,36.375,6.375
"MELGAR",1.61459981469966,-0.415945039885947,1.22264383264977,2,1.10858968146713,4700,0.43,1012.32284350239,549.903766840803,1862.17411952908,1199.79003674357,556452.620791362,83097.957857375,394577.074012048,148532.381833179,0,14,0
"MOHO",3.71031465966111,-1.19586657955827,2.17351908293914,2,2.4876982683443,4300,0.28,566.679259539101,75.5572346052135,906.686815262561,755.572346052134,453910.08689082,163128.069512656,495305.251227805,268094.82432943,0,0,0
"MORROPON",0.155831962410212,-0.748282327695294,1.4213398246198,3,-0.0694725864455144,1900,0.43,2214.3434720408,1299.99377993407,1492.81582384773,1405.73490078995,631921.378366611,106213.845866766,411293.276108727,150587.360826025,0,11.75,0
"MOYOBAMBA",-2.25042674386763,3.24103611486425,-0.912144550906695,1,-0.881958646985565,1600,0.49,994.112289793353,557.985607819495,4688.36183121897,7722.00772200772,519619.287061148,49211.765158609,206053.438345797,52321.0277196988,11.5,35,14
"NAZCA",-4.8197253253159,-1.23792485317173,1.52724844072798,6,-3.92714354854353,1500,0.61,4437.09476717532,2226.73390529832,4224.24520269828,4387.97563691139,781501.735542603,90149.9770777392,41106.8177352806,108.880738751719,3.5,30.5,3.5
"OCROS",0.75504605424063,-1.03844888274715,-0.493895227470803,3,0.308108568487689,2600,0.47,818.107444777747,454.504135987637,5090.44632306154,3726.93391509863,410235.433142442,103717.843832379,171304.426870285,48001.0908099264,0,0,0
"OTUZCO",2.69692919427837,0.392209700702879,-0.198263836715361,2,2.12259496306251,2400,0.28,591.341515286697,363.10443921113,2344.61723604901,3340.56084074239,517652.062951935,81563.6314593686,502283.615690262,293545.144256206,0,12,0
"OXAPAMPA",-1.94591996926079,0.407403639800076,-1.53020613653805,4,-1.35947363183025,2700,0.43,1700.78674429767,1241.67866608235,9609.96681900707,12541.9979548822,606586.114067489,66727.1854587951,400208.372461863,264981.740019616,4.33333333333333,88.6666666666667,5
"OYON",-0.0895213726497699,-0.569942987213211,0.160305478978718,3,-0.209242049907426,3300,0.58,1198.44615257459,950.49177617985,2066.28646995619,3140.75543433342,500537.234482189,64592.1150508306,178050.665344243,27100.1735680635,0,0,0
"PACASMAYO",-1.5600349381896,-1.21770657965822,0.143998606603966,5,-1.47472698849395,1200,0.58,2361.90197191351,1327.42552685061,3396.3784169764,4970.9797315854,617719.757584635,97249.9404947178,245648.058296867,26166.7612648077,0,7.5,0
"PACHITEA",3.44253754930233,1.20396887004671,-0.301684351358719,2,2.88468804743969,2900,0.27,364.790920759306,121.596973586435,472.877119502804,810.646490576235,422144.159967574,44409.9169087347,399635.479294738,265458.353036547,0,0,0
"PADRE ABAD",-0.907438857958155,0.355297670659905,-1.76209906377236,4,-0.592765937711825,1200,0.44,1128.0861213176,435.118932508219,4705.73067749629,6156.12711919036,686923.870302327,40256.5590150197,132868.07838587,13681.2673241797,0,25,0
"PAITA",-1.60726162873516,0.295092989689939,-0.594689716768415,1,-1.13319639853306,200,0.55,1806.37456146899,1246.54773456744,2903.63514219601,4478.61461521236,633918.041352542,61700.3806822423,232964.245726655,35481.8989325969,0,44.5,0
"PALLASCA",2.14927179891249,-0.15089798330682,0.268909639256318,2,1.57607135208179,2700,0.33,1219.16006288299,384.997914594629,1764.57377522538,2277.90432801822,450030.479001572,88164.5224421701,463818.858481183,102045.301421284,0,0,0
"PALPA",-4.34200868212695,-3.64426577848734,0.434959430595426,5,-4.16813171563916,2000,0.61,4157.1887991215,2431.56325986352,6039.68938740293,10902.81590713,692838.654012079,120872.22527257,59516.0404737626,27.4531335791042,0,0,0
"PARINACOCHAS",-0.101316498369123,-0.971579692098035,-0.435195242630023,3,-0.31818538142367,3200,0.42,1383.72394707256,1153.10328922713,5592.55095275159,7437.51621551501,515062.411715529,85762.057136268,290444.521317997,167663.236184381,0,19,2
"PARURO",2.47667643409707,-0.388820171484613,1.19282748608453,2,1.76259700074042,3500,0.25,834.13538658967,513.314084055181,1475.77799165865,1090.79242861726,525826.114854026,107539.30060956,449579.403272377,145193.455245428,0,9,0
"PASCO",-1.99329360228234,2.00612098421318,-0.132977928488975,1,-0.996642726437617,3600,0.55,1440.27198269201,958.1208468552,5204.75969711018,6892.28867253902,532659.558028125,45396.3838664812,268856.374594344,112005.192396847,9.5,48,9.5
"PATAZ",2.5786837025571,0.970701819630162,-0.279860204811083,2,2.17797591962984,2800,0.39,307.787011388119,191.04021396504,1836.10872310844,1517.70836650004,515819.191050827,56123.3695248405,430679.784761359,286948.344848813,0,14,0
"PAUCAR DEL SARA SARA",-1.16273158391679,-3.50701284995563,-2.58164012403534,5,-1.7469245767896,3400,0.44,2093.87541441284,610.713662537079,13522.9453847496,15791.3104170302,523643.343221078,126766.707380911,242209.038562206,154088.291746641,0,0,0
"PAUCARTAMBO",2.83657016208653,0.661584184672066,0.465874931121377,2,2.29456541802733,3000,0.24,766.136755410841,555.44914767286,459.682053246504,612.909404328673,527983.144991381,60601.4173529975,479569.622677648,212126.412564643,0,0.5,0
"PICOTA",0.342742535739788,0.00551942090767582,-2.11491228981907,4,0.258706808639285,900,0.44,768.327819869811,533.560986020702,5186.21278412123,7320.45672820403,549567.815601323,59822.8577526411,331075.445523423,94898.7301248533,0,0,0
"PISCO",-3.99913538231785,-0.954231340150824,1.32203415186632,6,-3.24034776106549,1900,0.57,3452.8966754348,2268.843811374,3644.33037201948,4516.41721201636,716330.712346055,83032.5933593778,43141.5687636928,4530.88109131387,2.66666666666667,43.3333333333333,2.66666666666667
"PIURA",-2.80901988260673,1.46964903869234,0.54698360355711,6,-1.74277905269594,772.7272727,0.57,2178.85082413543,1434.82206685358,2831.61881391423,4149.82990006946,676234.682133677,72301.3430542951,249974.992014683,62853.2552208764,6.64285714285714,37.7142857142857,7.5
"POMABAMBA",1.37944071411786,-0.916236819950834,0.0398077977918324,3,0.807359731888044,3714.285714,0.34,1368.21731295468,600.68077154108,4438.36347860909,4772.07501835413,507842.221184009,90469.1984248815,394341.920843623,159100.647400387,0,8,0
"PUERTO INCA",0.483445852944009,0.072569895576223,-1.92746670125065,4,0.38105589713476,2000,0.39,712.09634973219,371.528530295056,6068.29932815257,6161.18146072634,655097.681042757,45481.2842502864,318289.730332208,122238.459395028,0,0,0
"PUNO",-0.97148301065288,-0.249557560602206,1.85563160449336,3,-0.791579773184802,4600,0.54,2153.5362925091,952.823611433883,2738.39956619413,2560.22929738942,585618.560694089,91811.9141684096,257524.362847626,79059.4933767139,3.16666666666667,45.3333333333333,3.5
"PURUS",0.841888700300466,0.629271770337324,-3.83523996088271,4,0.788904733551256,300,0.35,640.751815463477,213.583938487826,7475.4378470739,8329.7736010252,399829.13284921,25630.0726185391,338105.510465613,16715.0790260572,0,0,0
"PUTUMAYO",0.682203120426037,0.215976632623723,-5.10093782122992,4,0.566019857260678,110,0.4,325.892129705068,81.4730324262669,10917.3863451198,12383.9009287926,420971.158546521,32263.3208408017,390048.069089131,143267.068600293,0,0,0
"QUISPICANCHI",1.04996464186514,-0.392276117846724,0.645401087844747,3,0.690559412609994,3010.714286,0.35,1431.22473505954,1125.31410466514,2359.8820058997,2567.46421938162,637026.11165738,75723.8064022725,471167.049054955,166949.743253578,0,1.75,0
"RECUAY",0.177134767790794,-1.94663692497991,1.01127785684832,3,-0.352107418013422,3300,0.43,1420.09433483796,1115.78840594411,3803.8241111731,5528.2243749049,546178.424709641,138357.76233707,277005.122483136,127135.466856013,0,14,0
"REQUENA",2.06048176558789,1.11430490652364,-2.26800191867499,4,1.82469525861395,400,0.38,364.754311917044,182.377155958522,3660.57005888177,5119.58730654995,425980.928560263,47561.3568860403,497328.304934605,149376.009587828,0,2,0
"RIOJA",-0.176378978377955,0.751869690559112,-0.988324267273495,4,0.0549398381362588,2400,0.47,873.485280292544,510.76681644225,3982.50068472363,5744.27608056791,569941.742973255,50847.2066977075,328846.333212427,42883.2416667284,0,6.66666666666667,6.33333333333333
"RODRIGUEZ DE MENDOZA",0.920937082031658,-0.372712787510526,-0.0871289319789544,3,0.598560582263628,2400,0.37,857.034027425089,539.614017267649,2507.61808024378,5523.10817673946,609859.06551549,93892.8390045709,350654.837480955,140714.512442864,0,16,0
"SAN ANTONIO DE PUTINA",1.82964216636142,0.780449980739249,-0.464215774145335,2,1.56818432344095,3714.285714,0.5,319.546521805577,111.146616280201,819.70629506648,958.63956541673,366228.100643261,31704.5722939272,174803.75675563,41835.1695680565,0,0,0
"SAN IGNACIO",0.467714837667629,5.09610896366482,0.800771078708483,1,1.62110690534814,2100,0.36,634.729738758602,340.749649228302,2131.35564909467,1984.36560432953,559444.110376161,59417.3849134763,547423.59858355,324542.86096078,30,52,0
"SAN MARCOS",2.61620859610438,-0.0432341438368484,0.229684844337482,2,1.95347761918312,2500,0.34,909.934666690932,800.74250668802,2802.59877340807,3057.38048008153,557626.162441537,90629.4928024168,602793.863400608,416257.802689767,0,0,0
"SAN MARTIN",-3.25185017990951,2.58506145801833,-0.107916089976787,6,-1.7972965270294,900,0.61,1410.24405338636,847.160996099001,4327.1157465416,5585.1751898503,691810.946131721,67022.1022782036,166065.216178239,76555.6057201122,9.6,53.4,11
"SAN MIGUEL",2.52519641441347,-0.220971265724455,0.709575664809537,2,1.84085365263337,2200,0.37,960.836995782993,498.211775591182,2135.19332396221,1263.32271667764,525880.322414192,113183.039447697,507084.037650576,331942.492126475,0,0,0
"SAN PABLO",2.86828289107766,-0.164952989859929,0.484182689590846,2,2.11240296615369,2400,0.31,979.056700153244,893.921334922527,1872.97803507577,4256.76826153584,567384.641580112,102715.81815086,750828.792780521,400972.245870935,0,0,0
"SAN ROMAN",-1.66683731672622,1.14107931062245,1.06956300942299,1,-0.967106767311438,4500,0.56,1618.05407707047,828.679517204107,2748.07160053062,3445.73459327558,712261.50898282,47051.3093463913,246329.37554249,52692.6843648155,5.25,46,5.75
"SANCHEZ CARRION",2.63727431805487,1.09920400191838,-0.0994754934492903,2,2.25398844095069,2800,0.29,511.808595917864,308.318431275822,2078.06622679904,2429.54923845347,554035.8882654,60183.7577850404,538773.139298267,303521.921440464,0,38,0
"SANDIA",1.76749217654094,0.556348332311159,0.179327815135047,2,1.46567611145946,3010.714286,0.41,504.637206764866,313.693398799782,709.219858156028,709.219858156028,517239.498090562,58919.8036006547,297646.61756683,85886.2520458265,0,4,0
"SANTA",-3.50023529951299,-0.54504706943573,1.21586112020222,6,-2.76380478597292,2600,0.62,2998.26275156006,1735.01259896391,3279.97871479389,6770.12648152413,661088.988706767,93201.0311698591,163762.160180119,12083.2671897044,4.1,46.5,4.8
"SANTA CRUZ",2.46988883149974,-0.144141933550609,0.350968169159001,2,1.81847448194231,2100,0.39,899.280575539568,307.071416037901,2281.10194771012,2171.43358483945,520968.590980874,109602.561852957,511109.624495525,306806.457273206,0,0,0
"SANTIAGO DE CHUCO",2.32470615990685,0.390022828447713,-0.139081596799354,2,1.84258464059957,2500,0.35,646.44225885395,400.178541195303,1908.54381185452,2554.98607070847,492512.043834942,74033.030121131,431555.463206661,235235.412722599,0,7,0
"SATIPO",0.0912358512930594,0.440748310331427,-2.72369532328614,4,0.178334073016671,2500,0.39,704.28018318363,357.448736188676,7350.70321845426,8883.13195874829,476864.926846877,29126.7633547803,259869.371951953,36254.1849814905,2.33333333333333,13,1.33333333333333
"SECHURA",-0.54915335530977,0.237944882748818,-0.884256163068897,4,-0.353009111853301,300,0.47,1961.060767249,1012.57386021354,2858.27811174201,3294.0693933529,617144.541714198,49757.1104474551,315778.848741973,35837.8087388969,0,0,0
"SIHUAS",1.62877565548466,-0.731320913275152,-0.179733124432168,2,1.04064150198253,3100,0.31,739.003309449603,739.003309449603,4498.28101404106,5044.50085146033,523760.562927738,97162.8699032869,528158.91784211,90121.1322815924,0,8,0
"SUCRE",0.681118706128532,-2.49103849174355,-2.01401659953941,4,-0.109380298463698,3500,0.39,1039.08560466789,719.366957077772,11909.519622732,11429.9416513468,456318.439773,119974.422508193,392287.586923507,261592.198864999,0,0,0
"SULLANA",-1.96135203662481,0.941847768973234,0.407699984259635,1,-1.23787699635975,800,0.54,1865.5007541386,1309.81967843774,2470.03291341756,3211.95874525992,635119.043984294,74894.8175106709,235583.52619334,35180.5658176755,4,41.6666666666667,4
"TACNA",-4.87265200613894,2.47118275863321,0.524906962713626,6,-3.04257433050027,2910.344828,0.61,2269.21838367848,1113.54217766716,5615.86406358627,9398.89789420145,681307.238325112,66457.4009925573,155419.850544582,12561.2673915726,11.25,102,14.5
"TAHUAMANU",-2.42451587975813,-0.875372421757475,-5.58993518916385,4,-2.03847058466949,400,0.64,662.03243958954,264.812975835816,14299.9006951341,14697.1201588878,535915.259847732,34955.3128103277,40989.7384971864,2035.08771929825,0,14,0
"TALARA",-3.51078560954457,0.244620845098244,1.49106494116055,6,-2.57494136253632,600,0.58,3449.03178662769,2199.48849104859,2111.80124223602,1717.20862257947,689119.473876507,78443.5513335769,178467.373036171,19248.9587139204,5,17.3333333333333,5.33333333333333
"TAMBOPATA",-4.45264900763783,3.07009481581951,-0.74446247599063,6,-2.57798733947255,400,0.62,1729.14903793091,855.376917699864,4883.92627202825,6778.63213273978,766932.783929951,41499.5769103418,68838.7108642066,1918.71160001472,11.3333333333333,46.6666666666667,12.3333333333333
"TARATA",1.08585845627092,-1.31267482414772,1.24463134378611,3,0.488145905353152,3613.636364,0.43,1233.65408339502,863.557858376511,1727.11571675302,3454.23143350604,529607.69800148,119541.080680977,309806.316308907,159372.070071552,0,0,0
"TARMA",-1.47009701044522,-0.850039710527651,1.08094551113104,3,-1.3155792334877,3100,0.48,2250.28578629486,1719.21834072927,2961.37609476403,5346.67902823659,541913.823055528,93161.8315526072,210571.932635445,67796.5201580601,2,33,2.5
"TAYACAJA",0.797833557218635,1.5589620398489,0.176438653392675,1,0.987506158655168,2700,0.36,776.229330637591,577.659036753556,2698.75081233302,4007.5095674778,472272.366235829,72198.3536717453,407462.722940284,164704.040002888,4,61,4
"TOCACHE",-1.08514526054358,0.402535307860101,-1.77899577531983,4,-0.714416467763957,2300,0.51,946.944787858063,434.016361101612,7654.47036851935,7075.78188705053,637754.162611463,49740.9053844333,229457.479548623,75723.2290817266,2,41,2
"TRUJILLO",-2.97831218387888,0.183367128970284,0.916482107534548,6,-2.19042425974836,1900,0.64,2364.24489877113,1400.44460137558,2967.98770632438,4419.15863914183,678927.187821702,85623.0635720289,158674.79945693,11905.4799357466,4.71875,28.5625,5.40625
"TUMBES",-2.74008303053162,0.657003006944993,-0.0708736618238085,6,-1.89353194127892,800,0.59,2416.37091293514,1301.12279927277,3636.17353725335,3885.94264604232,608123.885477959,62889.5381594921,101970.736354184,3848.941966438,4.4,25.4,4.6
"UCAYALI",1.12399386061059,3.00764587444764,-0.659948578589812,1,1.59339841689651,1200,0.4,549.87496890588,327.306529110643,1885.2856076773,1715.08621253977,423364.449274034,39486.2596719079,418770.112986214,153073.277385737,7,28,5
"URUBAMBA",-0.507564576212475,-1.1437767429616,0.0609359700647808,3,-0.666108132900653,3613.636364,0.54,1258.01415644846,863.937432741713,3622.47449868894,5850.52366733862,663988.965851736,80300.7108537824,283709.929217758,26085.9087257681,0,2,0
"UTCUBAMBA",-0.849919845026594,2.70046400200244,0.701228559386304,1,0.0348329342112899,1900,0.47,1026.04314386293,483.825222309348,2777.82412118988,1851.88274745992,606766.879660989,69453.9448439247,317604.731477002,129563.55628222,8.5,115,2.5
"VICTOR FAJARDO",2.43054689241393,-1.17889106071229,1.05671857497561,2,1.53107787776431,3500,0.38,983.566247284947,409.819269702061,2745.78910700381,3483.46379246752,503626.900536863,137494.364985042,490140.977828778,296806.688250482,0,0,0
"VILCAS HUAMAN",2.77222998429254,-0.576793489614389,0.85066926172189,2,1.93765604695572,3100,0.31,949.549995871522,371.563041862769,1733.96086202626,2064.23912145983,433531.500288993,117579.060358352,405138.304021138,265593.675171332,0,0,0
"VIRU",0.492996053569871,1.06271642619556,-0.230969473612321,1,0.634969909013931,2100,0.5,926.671056161143,658.424171482917,1081.116232188,1373.74919729152,491826.598710789,39920.013656205,286500.59745897,23848.4486388503,0,32.5,0.5
"YAROWILCA",3.4416266118093,0.258166079456417,0.232868725024299,2,2.64831082541898,3900,0.3,673.637348797704,117.154321530035,1435.14043874293,1347.27469759541,344609.436780599,72899.2765720646,431008.991594177,218101.221333802,0,0,0
"YAULI",-3.94209946408825,-1.85662854029639,0.133574642877872,5,-3.42240179889392,4500,0.64,3641.81168606661,1867.00472513542,7836.80995735853,8897.08424570704,676985.133110522,58222.8880949637,126510.775613691,19321.424455457,2,30,3
"YAUYOS",1.13743708500177,-1.18374112035201,0.812130148451198,3,0.559001356140601,3312,0.45,1407.58033507278,308.981049162318,2403.18593792914,2815.16067014556,468930.238945345,119060.697610547,237282.683328756,97835.4160944795,0,0,0
"YUNGAY",1.66879342961044,-0.110575605369577,0.792726533899639,2,1.22537610719732,3412.5,0.34,768.408392356007,534.544968595483,1670.45302686088,2422.15688894828,563878.12374716,92008.5527194975,416116.363757851,124992.817051984,0,25,0
"YUNGUYO",1.61383194730113,-1.24702760318745,1.78932373106265,3,0.900908064318144,4300,0.37,1481.27105231119,629.032912625299,2069.72119638002,1217.48305669413,497524.451118055,124081.81486141,367015.340286514,120928.330830729,0,11,0
"ZARUMILLA",-0.752471281479647,0.533078995391952,-1.02168511495009,4,-0.432113193645298,500,0.51,1323.98196521864,787.23251985973,1968.08129964932,3220.49667215344,577613.969798898,43941.8879267158,90473.4130108066,2377.2632934946,0,11,0
